<?xml version='1.0' encoding='utf-8'?>
<!--Magic Table Calibration file-->
<calibration>
    <image>
        <name>ouija.jpg</name>
    </image>
    <point>
        <name>Yes</name>
        <symbol>yes</symbol>
        <coordinates x="218" y="103"></coordinates>
    </point>
    <point>
        <name>No</name>
        <symbol>no</symbol>
        <coordinates x="643" y="103"></coordinates>
    </point>
    <point>
        <name>A</name>
        <symbol>a</symbol>
        <coordinates x="107" y="274"></coordinates>
    </point>
    <point>
        <name>B</name>
        <symbol>b</symbol>
        <coordinates x="158" y="248"></coordinates>
    </point>
    <point>
        <name>C</name>
        <symbol>c</symbol>
        <coordinates x="213" y="228"></coordinates>
    </point>
    <point>
        <name>D</name>
        <symbol>d</symbol>
        <coordinates x="264" y="212"></coordinates>
    </point>
    <point>
        <name>E</name>
        <symbol>e</symbol>
        <coordinates x="316" y="204"></coordinates>
    </point>
    <point>
        <name>F</name>
        <symbol>f</symbol>
        <coordinates x="363" y="197"></coordinates>
    </point>
    <point>
        <name>G</name>
        <symbol>g</symbol>
        <coordinates x="418" y="195"></coordinates>
    </point>
    <point>
        <name>H</name>
        <symbol>h</symbol>
        <coordinates x="475" y="196"></coordinates>
    </point>
    <point>
        <name>I</name>
        <symbol>i</symbol>
        <coordinates x="522" y="200"></coordinates>
    </point>
    <point>
        <name>J</name>
        <symbol>j</symbol>
        <coordinates x="566" y="209"></coordinates>
    </point>    
    <point>
        <name>K</name>
        <symbol>k</symbol>
        <coordinates x="617" y="223"></coordinates>
    </point>
    <point>
        <name>L</name>
        <symbol>l</symbol>
        <coordinates x="672" y="243"></coordinates>
    </point>
    <point>
        <name>M</name>
        <symbol>m</symbol>
        <coordinates x="728" y="271"></coordinates>
    </point>
    <point>
        <name>N</name>
        <symbol>n</symbol>
        <coordinates x="97" y="402"></coordinates>
    </point>
    <point>
        <name>O</name>
        <symbol>o</symbol>
        <coordinates x="144" y="369"></coordinates>
    </point>
    <point>
        <name>P</name>
        <symbol>p</symbol>
        <coordinates x="193" y="341"></coordinates>
    </point>
    <point>
        <name>Q</name>
        <symbol>q</symbol>
        <coordinates x="243" y="318"></coordinates>
    </point>
    <point>
        <name>R</name>
        <symbol>r</symbol>
        <coordinates x="300" y="300"></coordinates>
    </point>
    <point>
        <name>S</name>
        <symbol>s</symbol>
        <coordinates x="356" y="290"></coordinates>
    </point>
    <point>
        <name>T</name>
        <symbol>t</symbol>
        <coordinates x="410" y="283"></coordinates>
    </point>
    <point>
        <name>U</name>
        <symbol>u</symbol>
        <coordinates x="466" y="283"></coordinates>
    </point>
    <point>
        <name>V</name>
        <symbol>v</symbol>
        <coordinates x="523" y="294"></coordinates>
    </point>
    <point>
        <name>W</name>
        <symbol>w</symbol>
        <coordinates x="587" y="314"></coordinates>
    </point>
    <point>
        <name>X</name>
        <symbol>x</symbol>
        <coordinates x="652" y="339"></coordinates>
    </point>
    <point>
        <name>Y</name>
        <symbol>y</symbol>
        <coordinates x="702" y="370"></coordinates>
    </point>
    <point>
        <name>Z</name>
        <symbol>z</symbol>
        <coordinates x="747" y="405"></coordinates>
    </point>
    <point>
        <name>1</name>
        <symbol>1</symbol>
        <coordinates x="193" y="450"></coordinates>
    </point>
    <point>
        <name>2</name>
        <symbol>2</symbol>
        <coordinates x="240" y="450"></coordinates>
    </point>
    <point>
        <name>3</name>
        <symbol>3</symbol>
        <coordinates x="290" y="450"></coordinates>
    </point>
    <point>
        <name>4</name>
        <symbol>4</symbol>
        <coordinates x="345" y="450"></coordinates>
    </point>
    <point>
        <name>5</name>
        <symbol>5</symbol>
        <coordinates x="400" y="450"></coordinates>
    </point>
    <point>
        <name>6</name>
        <symbol>6</symbol>
        <coordinates x="450" y="450"></coordinates>
    </point>
    <point>
        <name>7</name>
        <symbol>7</symbol>
        <coordinates x="502" y="450"></coordinates>
    </point>
    <point>
        <name>8</name>
        <symbol>8</symbol>
        <coordinates x="552" y="450"></coordinates>
    </point>
    <point>
        <name>9</name>
        <symbol>9</symbol>
        <coordinates x="602" y="450"></coordinates>
    </point>
    <point>
        <name>0</name>
        <symbol>0</symbol>
        <coordinates x="660" y="450"></coordinates>
    </point>
</calibration>
